[
  {
    "book_id": 1,
    "title": "The Declaration of Independence of the United States of America",
    "author": "United States President (1801-1809)",
    "year": "1971-12-01",
    "language": "en",
    "publisher": "Project Gutenberg",
    "rights": "Public domain in the USA.",
    "downloads": 2625,
    "word_count": 1759,
    "char_count": 10914,
    "text_path": "\\1.txt"
  },
  {
    "book_id": 2,
    "title": "The United States Bill of Rights\r\nThe Ten Original Amendments to the Constitution of the United States",
    "author": "U.S.A.",
    "year": "1972-12-01",
    "language": "en",
    "publisher": "Project Gutenberg",
    "rights": "Public domain in the USA.",
    "downloads": 837,
    "word_count": 516,
    "char_count": 2980,
    "text_path": "\\2.txt"
  },
  {
    "book_id": 3,
    "title": "John F. Kennedy's Inaugural Address",
    "author": "United States President (1961-1963)",
    "year": "1973-11-01",
    "language": "en",
    "publisher": "Project Gutenberg",
    "rights": "Public domain in the USA.",
    "downloads": 852,
    "word_count": 1441,
    "char_count": 7747,
    "text_path": "\\3.txt"
  },
  {
    "book_id": 4,
    "title": "Lincoln's Gettysburg Address\r\nGiven November 19, 1863 on the battlefield near Gettysburg, Pennsylvania, USA",
    "author": "United States President (1861-1865)",
    "year": "1973-11-01",
    "language": "en",
    "publisher": "Project Gutenberg",
    "rights": "Public domain in the USA.",
    "downloads": 604,
    "word_count": 372,
    "char_count": 2059,
    "text_path": "\\4.txt"
  },
  {
    "book_id": 5,
    "title": "The United States Constitution",
    "author": "U.S.A.",
    "year": "1975-12-01",
    "language": "en",
    "publisher": "Project Gutenberg",
    "rights": "Public domain in the USA.",
    "downloads": 1463,
    "word_count": 4737,
    "char_count": 28007,
    "text_path": "\\5.txt"
  },
  {
    "book_id": 6,
    "title": "Give Me Liberty or Give Me Death",
    "author": "Henry, Patrick",
    "year": "1976-12-01",
    "language": "en",
    "publisher": "Project Gutenberg",
    "rights": "Public domain in the USA.",
    "downloads": 687,
    "word_count": 1241,
    "char_count": 6745,
    "text_path": "\\6.txt"
  },
  {
    "book_id": 7,
    "title": "The Mayflower Compact",
    "author": "Unknown",
    "year": "1977-12-01",
    "language": "en",
    "publisher": "Project Gutenberg",
    "rights": "Public domain in the USA.",
    "downloads": 458,
    "word_count": 325,
    "char_count": 2243,
    "text_path": "\\7.txt"
  },
  {
    "book_id": 8,
    "title": "Abraham Lincoln's Second Inaugural Address",
    "author": "United States President (1861-1865)",
    "year": "1978-12-01",
    "language": "en",
    "publisher": "Project Gutenberg",
    "rights": "Public domain in the USA.",
    "downloads": 480,
    "word_count": 751,
    "char_count": 4283,
    "text_path": "\\8.txt"
  },
  {
    "book_id": 9,
    "title": "Abraham Lincoln's First Inaugural Address",
    "author": "United States President (1861-1865)",
    "year": "1979-12-01",
    "language": "en",
    "publisher": "Project Gutenberg",
    "rights": "Public domain in the USA.",
    "downloads": 573,
    "word_count": 3645,
    "char_count": 21317,
    "text_path": "\\9.txt"
  },
  {
    "book_id": 10,
    "title": "The King James Version of the Bible",
    "author": "Unknown",
    "year": "1989-08-01",
    "language": "en",
    "publisher": "Project Gutenberg",
    "rights": "Public domain in the USA.",
    "downloads": 7549,
    "word_count": 821514,
    "char_count": 4432276,
    "text_path": "\\10.txt"
  },
  {
    "book_id": 11,
    "title": "Alice in Wonderland",
    "author": "Dodgson, Charles Lutwidge",
    "year": "2008-06-27",
    "language": "en",
    "publisher": "Project Gutenberg",
    "rights": "Public domain in the USA.",
    "downloads": 51068,
    "word_count": 26543,
    "char_count": 144696,
    "text_path": "\\11.txt"
  },
  {
    "book_id": 12,
    "title": "Through the Looking-Glass",
    "author": "Dodgson, Charles Lutwidge",
    "year": "2008-06-25",
    "language": "en",
    "publisher": "Project Gutenberg",
    "rights": "Public domain in the USA.",
    "downloads": 7927,
    "word_count": 29770,
    "char_count": 164346,
    "text_path": "\\12.txt"
  },
  {
    "book_id": 13,
    "title": "The Hunting of the Snark: An Agony in Eight Fits",
    "author": "Dodgson, Charles Lutwidge",
    "year": "2008-06-25",
    "language": "en",
    "publisher": "Project Gutenberg",
    "rights": "Public domain in the USA.",
    "downloads": 752,
    "word_count": 5195,
    "char_count": 33698,
    "text_path": "\\13.txt"
  },
  {
    "book_id": 14,
    "title": "The 1990 CIA World Factbook",
    "author": "Agency, United States. Central Intelligence",
    "year": "1991-04-01",
    "language": "en",
    "publisher": "Project Gutenberg",
    "rights": "Public domain in the USA.",
    "downloads": 891,
    "word_count": 266133,
    "char_count": 1970597,
    "text_path": "\\14.txt"
  },
  {
    "book_id": 15,
    "title": "Moby-Dick; or, The Whale",
    "author": "Melville, Hermann",
    "year": "1991-05-01",
    "language": "en",
    "publisher": "Project Gutenberg",
    "rights": "Public domain in the USA.",
    "downloads": 1699,
    "word_count": 212688,
    "char_count": 1261257,
    "text_path": "\\15.txt"
  },
  {
    "book_id": 16,
    "title": "Peter Pan",
    "author": "Barrie, James Matthew",
    "year": "2008-06-25",
    "language": "en",
    "publisher": "Project Gutenberg",
    "rights": "Public domain in the USA.",
    "downloads": 8930,
    "word_count": 47288,
    "char_count": 255700,
    "text_path": "\\16.txt"
  },
  {
    "book_id": 17,
    "title": "The Book of Mormon : $b an account written by the hand of Mormon, upon plates taken from the plates of Nephi",
    "author": "Smith, Joseph",
    "year": "2008-06-25",
    "language": "en",
    "publisher": "Project Gutenberg",
    "rights": "Public domain in the USA.",
    "downloads": 1154,
    "word_count": 275793,
    "char_count": 1466823,
    "text_path": "\\17.txt"
  },
  {
    "book_id": 18,
    "title": "The Federalist Papers",
    "author": "Jay, J. (John)",
    "year": "1991-08-01",
    "language": "en",
    "publisher": "Project Gutenberg",
    "rights": "Public domain in the USA.",
    "downloads": 937,
    "word_count": 196462,
    "char_count": 1192804,
    "text_path": "\\18.txt"
  },
  {
    "book_id": 19,
    "title": "The Song of Hiawatha",
    "author": "Longfellow, Henry W.",
    "year": "2004-06-01",
    "language": "en",
    "publisher": "Project Gutenberg",
    "rights": "Public domain in the USA.",
    "downloads": 1236,
    "word_count": 32159,
    "char_count": 187684,
    "text_path": "\\19.txt"
  },
  {
    "book_id": 20,
    "title": "Paradise Lost",
    "author": "Milton, John",
    "year": "1991-10-01",
    "language": "en",
    "publisher": "Project Gutenberg",
    "rights": "Public domain in the USA.",
    "downloads": 2385,
    "word_count": 80049,
    "char_count": 456773,
    "text_path": "\\20.txt"
  },
  {
    "book_id": 21,
    "title": "Aesop's Fables\r\nTranslated by George Fyler Townsend",
    "author": "\u00c6sop",
    "year": "2008-06-25",
    "language": "en",
    "publisher": "Project Gutenberg",
    "rights": "Public domain in the USA.",
    "downloads": 2228,
    "word_count": 44897,
    "char_count": 250238,
    "text_path": "\\21.txt"
  },
  {
    "book_id": 22,
    "title": "Roget's Thesaurus",
    "author": "Roget, Peter Mark",
    "year": "1991-12-01",
    "language": "en",
    "publisher": "Project Gutenberg",
    "rights": "Public domain in the USA.",
    "downloads": 2918,
    "word_count": 197422,
    "char_count": 1517593,
    "text_path": "\\22.txt"
  },
  {
    "book_id": 23,
    "title": "Narrative of the Life of Frederick Douglass, an American Slave",
    "author": "Bailey, Frederick Augustus Washington",
    "year": "2006-01-12",
    "language": "en",
    "publisher": "Project Gutenberg",
    "rights": "Public domain in the USA.",
    "downloads": 10383,
    "word_count": 40768,
    "char_count": 227821,
    "text_path": "\\23.txt"
  },
  {
    "book_id": 24,
    "title": "O Pioneers!",
    "author": "Cather, Willa Sibert",
    "year": "2008-06-27",
    "language": "en",
    "publisher": "Project Gutenberg",
    "rights": "Public domain in the USA.",
    "downloads": 1400,
    "word_count": 55634,
    "char_count": 305601,
    "text_path": "\\24.txt"
  },
  {
    "book_id": 25,
    "title": "The 1991 CIA World Factbook",
    "author": "Agency, United States. Central Intelligence",
    "year": "1992-02-01",
    "language": "en",
    "publisher": "Project Gutenberg",
    "rights": "Public domain in the USA.",
    "downloads": 605,
    "word_count": 286066,
    "char_count": 2217291,
    "text_path": "\\25.txt"
  },
  {
    "book_id": 26,
    "title": "Paradise Lost",
    "author": "Milton, John",
    "year": "1992-02-01",
    "language": "en",
    "publisher": "Project Gutenberg",
    "rights": "Public domain in the USA.",
    "downloads": 7237,
    "word_count": 80290,
    "char_count": 470262,
    "text_path": "\\26.txt"
  },
  {
    "book_id": 27,
    "title": "Far from the Madding Crowd",
    "author": "Hardy, Thomas",
    "year": "1992-03-01",
    "language": "en",
    "publisher": "Project Gutenberg",
    "rights": "Public domain in the USA.",
    "downloads": 659,
    "word_count": 140234,
    "char_count": 810038,
    "text_path": "\\27.txt"
  },
  {
    "book_id": 28,
    "title": "The Fables of Aesop\r\nSelected, Told Anew, and Their History Traced",
    "author": "\u00c6sop",
    "year": "1992-03-01",
    "language": "en",
    "publisher": "Project Gutenberg",
    "rights": "Public domain in the USA.",
    "downloads": 1432,
    "word_count": 17899,
    "char_count": 100268,
    "text_path": "\\28.txt"
  },
  {
    "book_id": 29,
    "title": "1990 Census of Population and Housing",
    "author": "United States. Bureau of the Census",
    "year": "1992-04-01",
    "language": "en",
    "publisher": "Project Gutenberg",
    "rights": "Public domain in the USA.",
    "downloads": 285,
    "word_count": 24671,
    "char_count": 359819,
    "text_path": "\\29.txt"
  },
  {
    "book_id": 30,
    "title": "The Bible, King James Version, Complete",
    "author": "Unknown",
    "year": "1992-04-01",
    "language": "en",
    "publisher": "Project Gutenberg",
    "rights": "Public domain in the USA.",
    "downloads": 898,
    "word_count": 821285,
    "char_count": 4624970,
    "text_path": "\\30.txt"
  },
  {
    "book_id": 31,
    "title": "Oedipus Trilogy",
    "author": "\u03a3\u03bf\u03c6\u03bf\u03ba\u03bb\u03ae\u03c2",
    "year": "2006-03-08",
    "language": "en",
    "publisher": "Project Gutenberg",
    "rights": "Public domain in the USA.",
    "downloads": 1702,
    "word_count": 40484,
    "char_count": 243207,
    "text_path": "\\31.txt"
  },
  {
    "book_id": 32,
    "title": "Herland",
    "author": "Stetson, Charlotte Perkins",
    "year": "2008-06-27",
    "language": "en",
    "publisher": "Project Gutenberg",
    "rights": "Public domain in the USA.",
    "downloads": 3356,
    "word_count": 52176,
    "char_count": 303320,
    "text_path": "\\32.txt"
  },
  {
    "book_id": 33,
    "title": "The Scarlet Letter",
    "author": "Hawthorne, Nathaniel",
    "year": "1992-06-01",
    "language": "en",
    "publisher": "Project Gutenberg",
    "rights": "Public domain in the USA.",
    "downloads": 1988,
    "word_count": 86059,
    "char_count": 508113,
    "text_path": "\\33.txt"
  },
  {
    "book_id": 34,
    "title": "Zen and the Art of the Internet",
    "author": "Kehoe, Brendan P.",
    "year": "1992-06-01",
    "language": "en",
    "publisher": "Project Gutenberg",
    "rights": "Copyrighted. Read the copyright notice inside this book for details.",
    "downloads": 322,
    "word_count": 28176,
    "char_count": 184319,
    "text_path": "\\34.txt"
  },
  {
    "book_id": 35,
    "title": "The Time Machine",
    "author": "Wells, Herbert George",
    "year": "2004-10-02",
    "language": "en",
    "publisher": "Project Gutenberg",
    "rights": "Public domain in the USA.",
    "downloads": 7100,
    "word_count": 32471,
    "char_count": 182973,
    "text_path": "\\35.txt"
  },
  {
    "book_id": 36,
    "title": "The War of the Worlds",
    "author": "Wells, Herbert George",
    "year": "2004-10-01",
    "language": "en",
    "publisher": "Project Gutenberg",
    "rights": "Public domain in the USA.",
    "downloads": 9649,
    "word_count": 63121,
    "char_count": 363363,
    "text_path": "\\36.txt"
  },
  {
    "book_id": 37,
    "title": "1990 Census of Population and Housing",
    "author": "United States. Bureau of the Census",
    "year": "1992-08-01",
    "language": "en",
    "publisher": "Project Gutenberg",
    "rights": "Public domain in the USA.",
    "downloads": 273,
    "word_count": 25433,
    "char_count": 370009,
    "text_path": "\\37.txt"
  },
  {
    "book_id": 38,
    "title": "The Jargon File, Version 2.9.10, 01 Jul 1992",
    "author": "Unknown",
    "year": "1992-08-01",
    "language": "en",
    "publisher": "Project Gutenberg",
    "rights": "Public domain in the USA.",
    "downloads": 443,
    "word_count": 171344,
    "char_count": 1147820,
    "text_path": "\\38.txt"
  },
  {
    "book_id": 39,
    "title": "Hitchhiker's Guide to the Internet",
    "author": "Krol, Ed",
    "year": "1992-09-01",
    "language": "en",
    "publisher": "Project Gutenberg",
    "rights": "Copyrighted. Read the copyright notice inside this book for details.",
    "downloads": 360,
    "word_count": 10793,
    "char_count": 71934,
    "text_path": "\\39.txt"
  },
  {
    "book_id": 41,
    "title": "The Legend of Sleepy Hollow",
    "author": "Crayon, Geoffrey",
    "year": "2008-06-27",
    "language": "en",
    "publisher": "Project Gutenberg",
    "rights": "Public domain in the USA.",
    "downloads": 11254,
    "word_count": 15266,
    "char_count": 90542,
    "text_path": "\\41.txt"
  },
  {
    "book_id": 42,
    "title": "The Strange Case of Dr. Jekyll and Mr. Hyde",
    "author": "Stevenson, R. L. (Robert Louis)",
    "year": "1992-10-01",
    "language": "en",
    "publisher": "Project Gutenberg",
    "rights": "Public domain in the USA.",
    "downloads": 3087,
    "word_count": 28738,
    "char_count": 161457,
    "text_path": "\\42.txt"
  },
  {
    "book_id": 43,
    "title": "The Strange Case of Dr. Jekyll and Mr. Hyde",
    "author": "Stevenson, R. L. (Robert Louis)",
    "year": "2008-06-27",
    "language": "en",
    "publisher": "Project Gutenberg",
    "rights": "Public domain in the USA.",
    "downloads": 33546,
    "word_count": 25647,
    "char_count": 138901,
    "text_path": "\\43.txt"
  },
  {
    "book_id": 44,
    "title": "The Song of the Lark",
    "author": "Cather, Willa Sibert",
    "year": "2008-06-27",
    "language": "en",
    "publisher": "Project Gutenberg",
    "rights": "Public domain in the USA.",
    "downloads": 858,
    "word_count": 154164,
    "char_count": 865904,
    "text_path": "\\44.txt"
  },
  {
    "book_id": 45,
    "title": "Anne of Green Gables",
    "author": "Montgomery, Lucy Maud",
    "year": "2008-06-27",
    "language": "en",
    "publisher": "Project Gutenberg",
    "rights": "Public domain in the USA.",
    "downloads": 13815,
    "word_count": 102519,
    "char_count": 561240,
    "text_path": "\\45.txt"
  },
  {
    "book_id": 46,
    "title": "A Christmas Carol in Prose; Being a Ghost Story of Christmas",
    "author": "Boz",
    "year": "2004-08-11",
    "language": "en",
    "publisher": "Project Gutenberg",
    "rights": "Public domain in the USA.",
    "downloads": 15619,
    "word_count": 31587,
    "char_count": 181886,
    "text_path": "\\46.txt"
  },
  {
    "book_id": 47,
    "title": "Anne of Avonlea",
    "author": "Montgomery, Lucy Maud",
    "year": "2006-03-08",
    "language": "en",
    "publisher": "Project Gutenberg",
    "rights": "Public domain in the USA.",
    "downloads": 2748,
    "word_count": 91107,
    "char_count": 497959,
    "text_path": "\\47.txt"
  },
  {
    "book_id": 48,
    "title": "The 1992 CIA World Factbook",
    "author": "Agency, United States. Central Intelligence",
    "year": "1993-01-01",
    "language": "en",
    "publisher": "Project Gutenberg",
    "rights": "Public domain in the USA.",
    "downloads": 600,
    "word_count": 327642,
    "char_count": 2482231,
    "text_path": "\\48.txt"
  },
  {
    "book_id": 49,
    "title": "Surfing the Internet: An Introduction\r\nVersion 2.0.2",
    "author": "Polly, Jean Armour",
    "year": "1993-01-01",
    "language": "en",
    "publisher": "Project Gutenberg",
    "rights": "Copyrighted. Read the copyright notice inside this book for details.",
    "downloads": 353,
    "word_count": 12320,
    "char_count": 83796,
    "text_path": "\\49.txt"
  },
  {
    "book_id": 50,
    "title": "Pi",
    "author": "Hemphill, Scott",
    "year": "1993-01-01",
    "language": "en",
    "publisher": "Project Gutenberg",
    "rights": "Public domain in the USA.",
    "downloads": 361,
    "word_count": 128742,
    "char_count": 1434052,
    "text_path": "\\50.txt"
  },
  {
    "book_id": 51,
    "title": "Anne of the Island",
    "author": "Montgomery, Lucy Maud",
    "year": "2006-03-08",
    "language": "en",
    "publisher": "Project Gutenberg",
    "rights": "Public domain in the USA.",
    "downloads": 3094,
    "word_count": 76577,
    "char_count": 434080,
    "text_path": "\\51.txt"
  },
  {
    "book_id": 52,
    "title": "The Square Root of 2",
    "author": "Kerr, Stan",
    "year": "1993-02-01",
    "language": "en",
    "publisher": "Project Gutenberg",
    "rights": "Public domain in the USA.",
    "downloads": 73,
    "word_count": 30723,
    "char_count": 1175941,
    "text_path": "\\52.txt"
  },
  {
    "book_id": 53,
    "title": "Workshop on Electronic Texts: Proceedings, 9-10 June 1992",
    "author": "Library of Congress",
    "year": "1993-02-01",
    "language": "en",
    "publisher": "Project Gutenberg",
    "rights": "Public domain in the USA.",
    "downloads": 304,
    "word_count": 65675,
    "char_count": 446158,
    "text_path": "\\53.txt"
  },
  {
    "book_id": 54,
    "title": "The Marvelous Land of Oz",
    "author": "Van Dyne, Edith",
    "year": "1993-02-01",
    "language": "en",
    "publisher": "Project Gutenberg",
    "rights": "Public domain in the USA.",
    "downloads": 1879,
    "word_count": 44923,
    "char_count": 262152,
    "text_path": "\\54.txt"
  },
  {
    "book_id": 55,
    "title": "The Wonderful Wizard of Oz",
    "author": "Van Dyne, Edith",
    "year": "1993-02-01",
    "language": "en",
    "publisher": "Project Gutenberg",
    "rights": "Public domain in the USA.",
    "downloads": 12616,
    "word_count": 39667,
    "char_count": 212672,
    "text_path": "\\55.txt"
  },
  {
    "book_id": 56,
    "title": "NREN for All: Insurmountable Opportunity",
    "author": "Polly, Jean Armour",
    "year": "1993-03-01",
    "language": "en",
    "publisher": "Project Gutenberg",
    "rights": "Copyrighted. Read the copyright notice inside this book for details.",
    "downloads": 233,
    "word_count": 7441,
    "char_count": 49804,
    "text_path": "\\56.txt"
  },
  {
    "book_id": 57,
    "title": "Aladdin and the Magic Lamp",
    "author": "Unknown",
    "year": "1993-03-01",
    "language": "en",
    "publisher": "Project Gutenberg",
    "rights": "Public domain in the USA.",
    "downloads": 992,
    "word_count": 8309,
    "char_count": 48373,
    "text_path": "\\57.txt"
  },
  {
    "book_id": 58,
    "title": "Paradise Regained",
    "author": "Milton, John",
    "year": "1993-03-01",
    "language": "en",
    "publisher": "Project Gutenberg",
    "rights": "Public domain in the USA.",
    "downloads": 682,
    "word_count": 18910,
    "char_count": 112390,
    "text_path": "\\58.txt"
  },
  {
    "book_id": 59,
    "title": "Discours de la m\u00e9thode. English",
    "author": "Descartes, Rene",
    "year": "1993-03-01",
    "language": "en",
    "publisher": "Project Gutenberg",
    "rights": "Public domain in the USA.",
    "downloads": 5233,
    "word_count": 26088,
    "char_count": 150099,
    "text_path": "\\59.txt"
  },
  {
    "book_id": 60,
    "title": "The Scarlet Pimpernel",
    "author": "Orczy, Baroness Emmuska",
    "year": "2006-03-08",
    "language": "en",
    "publisher": "Project Gutenberg",
    "rights": "Public domain in the USA.",
    "downloads": 2203,
    "word_count": 88761,
    "char_count": 515785,
    "text_path": "\\60.txt"
  },
  {
    "book_id": 61,
    "title": "Manifest der Kommunistischen Partei. English",
    "author": "Marx, Heinrich Karl",
    "year": "2005-01-25",
    "language": "en",
    "publisher": "Project Gutenberg",
    "rights": "Public domain in the USA.",
    "downloads": 6977,
    "word_count": 14515,
    "char_count": 93966,
    "text_path": "\\61.txt"
  },
  {
    "book_id": 62,
    "title": "A Princess of Mars",
    "author": "Burroughs, Edgar Rice",
    "year": "1993-04-01",
    "language": "en",
    "publisher": "Project Gutenberg",
    "rights": "Public domain in the USA.",
    "downloads": 2108,
    "word_count": 67454,
    "char_count": 378267,
    "text_path": "\\62.txt"
  },
  {
    "book_id": 63,
    "title": "The Number 'e'",
    "author": "Unknown",
    "year": "1993-04-01",
    "language": "en",
    "publisher": "Project Gutenberg",
    "rights": "Public domain in the USA.",
    "downloads": 275,
    "word_count": 5602,
    "char_count": 125255,
    "text_path": "\\63.txt"
  },
  {
    "book_id": 64,
    "title": "The Gods of Mars",
    "author": "Burroughs, Edgar Rice",
    "year": "1993-05-01",
    "language": "en",
    "publisher": "Project Gutenberg",
    "rights": "Public domain in the USA.",
    "downloads": 906,
    "word_count": 85787,
    "char_count": 479289,
    "text_path": "\\64.txt"
  },
  {
    "book_id": 65,
    "title": "The First 100,000 Prime Numbers",
    "author": "Unknown",
    "year": "1993-05-01",
    "language": "en",
    "publisher": "Project Gutenberg",
    "rights": "Public domain in the USA.",
    "downloads": 217,
    "word_count": 104489,
    "char_count": 843479,
    "text_path": "\\65.txt"
  },
  {
    "book_id": 66,
    "title": "The Dawn of Amateur Radio in the U.K. and Greece: A Personal View",
    "author": "Joly, Norman F.",
    "year": "1993-05-01",
    "language": "en",
    "publisher": "Project Gutenberg",
    "rights": "Copyrighted. Read the copyright notice inside this book for details.",
    "downloads": 274,
    "word_count": 34438,
    "char_count": 212101,
    "text_path": "\\66.txt"
  },
  {
    "book_id": 67,
    "title": "The Black Experience in America",
    "author": "Coombs, Norman",
    "year": "1993-05-01",
    "language": "en",
    "publisher": "Project Gutenberg",
    "rights": "Copyrighted. Read the copyright notice inside this book for details.",
    "downloads": 416,
    "word_count": 80360,
    "char_count": 507351,
    "text_path": "\\67.txt"
  },
  {
    "book_id": 68,
    "title": "The warlord of Mars",
    "author": "Burroughs, Edgar Rice",
    "year": "1993-06-01",
    "language": "en",
    "publisher": "Project Gutenberg",
    "rights": "Public domain in the USA.",
    "downloads": 742,
    "word_count": 60182,
    "char_count": 337419,
    "text_path": "\\68.txt"
  },
  {
    "book_id": 69,
    "title": "The 32nd Mersenne Prime\nPredicted by Mersenne",
    "author": "Slowinski, David",
    "year": "1993-06-01",
    "language": "en",
    "publisher": "Project Gutenberg",
    "rights": "Public domain in the USA.",
    "downloads": 272,
    "word_count": 7641,
    "char_count": 257133,
    "text_path": "\\69.txt"
  },
  {
    "book_id": 70,
    "title": "What Is Man? and Other Essays",
    "author": "Clemens, Samuel Langhorne",
    "year": "2004-09-13",
    "language": "en",
    "publisher": "Project Gutenberg",
    "rights": "Public domain in the USA.",
    "downloads": 1628,
    "word_count": 97497,
    "char_count": 561765,
    "text_path": "\\70.txt"
  },
  {
    "book_id": 71,
    "title": "On the Duty of Civil Disobedience",
    "author": "Thoreau, Henry D. (Henry David)",
    "year": "1993-06-01",
    "language": "en",
    "publisher": "Project Gutenberg",
    "rights": "Public domain in the USA.",
    "downloads": 3728,
    "word_count": 12430,
    "char_count": 71984,
    "text_path": "\\71.txt"
  },
  {
    "book_id": 72,
    "title": "Thuvia, Maid of Mars",
    "author": "Burroughs, Edgar Rice",
    "year": "1993-07-01",
    "language": "en",
    "publisher": "Project Gutenberg",
    "rights": "Public domain in the USA.",
    "downloads": 636,
    "word_count": 50191,
    "char_count": 291866,
    "text_path": "\\72.txt"
  },
  {
    "book_id": 73,
    "title": "The Red Badge of Courage: An Episode of the American Civil War",
    "author": "Smith, Johnston",
    "year": "1993-07-01",
    "language": "en",
    "publisher": "Project Gutenberg",
    "rights": "Public domain in the USA.",
    "downloads": 5612,
    "word_count": 46112,
    "char_count": 263749,
    "text_path": "\\73.txt"
  },
  {
    "book_id": 74,
    "title": "The Adventures of Tom Sawyer, Complete",
    "author": "Clemens, Samuel Langhorne",
    "year": "2004-07-01",
    "language": "en",
    "publisher": "Project Gutenberg",
    "rights": "Public domain in the USA.",
    "downloads": 15077,
    "word_count": 70826,
    "char_count": 392887,
    "text_path": "\\74.txt"
  },
  {
    "book_id": 75,
    "title": "E-mail 101",
    "author": "Goodwin, John E.",
    "year": "1993-07-01",
    "language": "en",
    "publisher": "Project Gutenberg",
    "rights": "Copyrighted. Read the copyright notice inside this book for details.",
    "downloads": 235,
    "word_count": 23496,
    "char_count": 149125,
    "text_path": "\\75.txt"
  },
  {
    "book_id": 76,
    "title": "Adventures of Huckleberry Finn",
    "author": "Clemens, Samuel Langhorne",
    "year": "2004-06-29",
    "language": "en",
    "publisher": "Project Gutenberg",
    "rights": "Public domain in the USA.",
    "downloads": 25977,
    "word_count": 111103,
    "char_count": 571152,
    "text_path": "\\76.txt"
  },
  {
    "book_id": 77,
    "title": "The House of the Seven Gables",
    "author": "Hawthorne, Nathaniel",
    "year": "1993-08-01",
    "language": "en",
    "publisher": "Project Gutenberg",
    "rights": "Public domain in the USA.",
    "downloads": 1607,
    "word_count": 104893,
    "char_count": 611385,
    "text_path": "\\77.txt"
  },
  {
    "book_id": 78,
    "title": "Tarzan of the Apes",
    "author": "Burroughs, Edgar Rice",
    "year": "1993-08-01",
    "language": "en",
    "publisher": "Project Gutenberg",
    "rights": "Public domain in the USA.",
    "downloads": 1501,
    "word_count": 85803,
    "char_count": 480549,
    "text_path": "\\78.txt"
  },
  {
    "book_id": 81,
    "title": "The Return of Tarzan",
    "author": "Burroughs, Edgar Rice",
    "year": "1993-09-01",
    "language": "en",
    "publisher": "Project Gutenberg",
    "rights": "Public domain in the USA.",
    "downloads": 682,
    "word_count": 92262,
    "char_count": 522792,
    "text_path": "\\81.txt"
  },
  {
    "book_id": 82,
    "title": "Ivanhoe: A Romance",
    "author": "Scott, Sir Walter",
    "year": "2008-06-25",
    "language": "en",
    "publisher": "Project Gutenberg",
    "rights": "Public domain in the USA.",
    "downloads": 2831,
    "word_count": 194679,
    "char_count": 1144489,
    "text_path": "\\82.txt"
  },
  {
    "book_id": 83,
    "title": "From the Earth to the Moon; and, Round the Moon",
    "author": "Verne, J\u00falio",
    "year": "1993-09-01",
    "language": "en",
    "publisher": "Project Gutenberg",
    "rights": "Public domain in the USA.",
    "downloads": 725,
    "word_count": 91528,
    "char_count": 556419,
    "text_path": "\\83.txt"
  },
  {
    "book_id": 84,
    "title": "Frankenstein; Or, The Modern Prometheus",
    "author": "Shelley, Mary Wollstonecraft Godwin",
    "year": "1993-10-01",
    "language": "en",
    "publisher": "Project Gutenberg",
    "rights": "Public domain in the USA.",
    "downloads": 140862,
    "word_count": 75060,
    "char_count": 419434,
    "text_path": "\\84.txt"
  },
  {
    "book_id": 85,
    "title": "The Beasts of Tarzan",
    "author": "Burroughs, Edgar Rice",
    "year": "1993-10-01",
    "language": "en",
    "publisher": "Project Gutenberg",
    "rights": "Public domain in the USA.",
    "downloads": 662,
    "word_count": 66582,
    "char_count": 378815,
    "text_path": "\\85.txt"
  },
  {
    "book_id": 86,
    "title": "A Connecticut Yankee in King Arthur's Court",
    "author": "Clemens, Samuel Langhorne",
    "year": "2004-07-07",
    "language": "en",
    "publisher": "Project Gutenberg",
    "rights": "Public domain in the USA.",
    "downloads": 3336,
    "word_count": 117828,
    "char_count": 643703,
    "text_path": "\\86.txt"
  },
  {
    "book_id": 87,
    "title": "The 1993 CIA World Factbook",
    "author": "Agency, United States. Central Intelligence",
    "year": "1993-10-01",
    "language": "en",
    "publisher": "Project Gutenberg",
    "rights": "Public domain in the USA.",
    "downloads": 389,
    "word_count": 354524,
    "char_count": 2648326,
    "text_path": "\\87.txt"
  },
  {
    "book_id": 88,
    "title": "Price/Cost Indexes from 1875 to 1989; Estimated to 2010",
    "author": "Hart, Michael",
    "year": "1993-11-01",
    "language": "en",
    "publisher": "Project Gutenberg",
    "rights": "Public domain in the USA.",
    "downloads": 258,
    "word_count": 84465,
    "char_count": 809155,
    "text_path": "\\88.txt"
  },
  {
    "book_id": 90,
    "title": "The Son of Tarzan",
    "author": "Burroughs, Edgar Rice",
    "year": "1993-11-01",
    "language": "en",
    "publisher": "Project Gutenberg",
    "rights": "Public domain in the USA.",
    "downloads": 555,
    "word_count": 97564,
    "char_count": 550599,
    "text_path": "\\90.txt"
  },
  {
    "book_id": 91,
    "title": "Tom Sawyer Abroad",
    "author": "Clemens, Samuel Langhorne",
    "year": "2004-09-14",
    "language": "en",
    "publisher": "Project Gutenberg",
    "rights": "Public domain in the USA.",
    "downloads": 534,
    "word_count": 37035,
    "char_count": 198420,
    "text_path": "\\91.txt"
  },
  {
    "book_id": 92,
    "title": "Tarzan and the Jewels of Opar",
    "author": "Burroughs, Edgar Rice",
    "year": "1993-12-01",
    "language": "en",
    "publisher": "Project Gutenberg",
    "rights": "Public domain in the USA.",
    "downloads": 492,
    "word_count": 69079,
    "char_count": 398055,
    "text_path": "\\92.txt"
  },
  {
    "book_id": 93,
    "title": "Tom Sawyer, Detective",
    "author": "Clemens, Samuel Langhorne",
    "year": "2004-09-14",
    "language": "en",
    "publisher": "Project Gutenberg",
    "rights": "Public domain in the USA.",
    "downloads": 415,
    "word_count": 26308,
    "char_count": 143781,
    "text_path": "\\93.txt"
  },
  {
    "book_id": 94,
    "title": "Alexander's Bridge",
    "author": "Cather, Willa Sibert",
    "year": "2006-03-08",
    "language": "en",
    "publisher": "Project Gutenberg",
    "rights": "Public domain in the USA.",
    "downloads": 347,
    "word_count": 31677,
    "char_count": 179676,
    "text_path": "\\94.txt"
  },
  {
    "book_id": 95,
    "title": "The prisoner of Zenda",
    "author": "Hawkins, Anthony Hope",
    "year": "2006-01-09",
    "language": "en",
    "publisher": "Project Gutenberg",
    "rights": "Public domain in the USA.",
    "downloads": 1088,
    "word_count": 56759,
    "char_count": 314755,
    "text_path": "\\95.txt"
  },
  {
    "book_id": 96,
    "title": "The Monster Men",
    "author": "Burroughs, Edgar Rice",
    "year": "1994-01-01",
    "language": "en",
    "publisher": "Project Gutenberg",
    "rights": "Public domain in the USA.",
    "downloads": 492,
    "word_count": 60698,
    "char_count": 345999,
    "text_path": "\\96.txt"
  },
  {
    "book_id": 97,
    "title": "Flatland: A Romance of Many Dimensions",
    "author": "A Square",
    "year": "1994-01-01",
    "language": "en",
    "publisher": "Project Gutenberg",
    "rights": "Public domain in the USA.",
    "downloads": 619,
    "word_count": 36869,
    "char_count": 217065,
    "text_path": "\\97.txt"
  },
  {
    "book_id": 98,
    "title": "A Tale of Two Cities",
    "author": "Boz",
    "year": "1994-01-01",
    "language": "en",
    "publisher": "Project Gutenberg",
    "rights": "Public domain in the USA.",
    "downloads": 26361,
    "word_count": 138965,
    "char_count": 793330,
    "text_path": "\\98.txt"
  },
  {
    "book_id": 99,
    "title": "Collected Articles of Frederick Douglass",
    "author": "Bailey, Frederick Augustus Washington",
    "year": "1994-01-01",
    "language": "en",
    "publisher": "Project Gutenberg",
    "rights": "Public domain in the USA.",
    "downloads": 484,
    "word_count": 11121,
    "char_count": 66035,
    "text_path": "\\99.txt"
  },
  {
    "book_id": 100,
    "title": "The Complete Works of William Shakespeare",
    "author": "Shakspeare, William",
    "year": "1994-01-01",
    "language": "en",
    "publisher": "Project Gutenberg",
    "rights": "Public domain in the USA.",
    "downloads": 40670,
    "word_count": 963478,
    "char_count": 5359444,
    "text_path": "\\100.txt"
  }
]
