[
  {
    "filename": "flick.mp4"
  },
  {
    "filename": "tap.mp4"
  },
  {
    "filename": "MLSA youtube demo short.mp4"
  },
  {
    "filename": "WhatsApp Video 2025-04-08 at 12.07.21_6238221c.mp4"
  },
  {
    "filename": "WhatsApp Video 2025-04-08 at 12.23.54_1b816bab.mp4"
  },
  {
    "filename": "WhatsApp Video 2025-09-15 at 03.10.40_a7bc4f1b.mp4",
    "title": "Video",
    "category": "Crowd",
    "creator": "Jehan Silva",
    "description": "Video Crowd",
    "published_source": "https://streamable.com/",
    "date_of_creation": "2025-09-14"
  },
  {
    "filename": "WhatsApp Video 2025-09-15 at 03.10.40_a7bc4f1b.mp4",
    "title": "Video",
    "category": "Crowd",
    "creator": "Jehan Silva",
    "description": "Video Crowd",
    "published_source": "https://streamable.com/",
    "date_of_creation": "2025-09-14"
  },
  {
    "filename": "WhatsApp Video 2025-09-15 at 03.10.40_a7bc4f1b.mp4",
    "title": "Unauthorized Constructions",
    "category": "Crowd",
    "creator": "Jehan Silva",
    "description": "Unauthorized Constructions",
    "published_source": "https://streamable.com/",
    "date_of_creation": "2025-09-15",
    "wallet_address": ""
  },
  {
    "filename": "WhatsApp Video 2025-09-15 at 03.10.40_a7bc4f1b.mp4",
    "title": "Unauthorized 2",
    "category": "Crowd",
    "creator": "Jehan Silva",
    "description": "Video Crowd",
    "published_source": "https://streamable.com/",
    "date_of_creation": "2025-09-15",
    "wallet_address": "0x87dc98819fae36ec910852d901f3eb4ebe8b024a"
  },
  {
    "filename": "WhatsApp Video 2025-09-15 at 09.42.08_74d241e4.mp4",
    "title": "wild life",
    "category": "Forest",
    "creator": "Jehan Silva",
    "description": "wild life",
    "published_source": "https://streamable.com/",
    "date_of_creation": "2025-09-15",
    "wallet_address": "0x87dc98819fae36ec910852d901f3eb4ebe8b024a"
  },
  {
    "filename": "WhatsApp Video 2025-09-15 at 03.10.40_a7bc4f1b.mp4",
    "title": "Video",
    "category": "Forest",
    "creator": "Jehan Silva",
    "description": "Video Crowd",
    "published_source": "https://streamable.com/",
    "date_of_creation": "2025-09-15",
    "wallet_address": "0x87dc98819fae36ec910852d901f3eb4ebe8b024a"
  },
  {
    "filename": "WhatsApp Video 2025-09-15 at 11.34.59_7c143c0c.mp4",
    "title": "Coffee brewing",
    "category": "Production",
    "creator": "Jave Launge",
    "description": "video of a coffee making",
    "published_source": "www.youtube.com",
    "date_of_creation": "2025-09-15",
    "wallet_address": "0x87dc98819fae36ec910852d901f3eb4ebe8b024a"
  },
  {
    "filename": "WhatsApp Video 2025-09-15 at 11.34.59_7c143c0c.mp4",
    "title": "Coffee brewing",
    "category": "Production",
    "creator": "Jave Launge",
    "description": "video of a coffee making",
    "published_source": "www.youtube.com",
    "date_of_creation": "2025-09-15",
    "wallet_address": "0x87dc98819fae36ec910852d901f3eb4ebe8b024a"
  },
  {
    "filename": "WhatsApp Video 2025-09-15 at 11.34.59_b16df207.mp4",
    "title": "akjfaskl",
    "category": "jkj;l",
    "creator": "kjkl",
    "description": "kljkl",
    "published_source": "asjf",
    "date_of_creation": "2025-09-15",
    "wallet_address": "0x87dc98819fae36ec910852d901f3eb4ebe8b024a"
  },
  {
    "filename": "WhatsApp Video 2025-09-15 at 13.51.14_1d7fb3b7.mp4",
    "title": "sdfas",
    "category": "ljl",
    "creator": "lkjklj",
    "description": "lkjkl",
    "published_source": "jkljklj",
    "date_of_creation": "2025-09-15",
    "wallet_address": "0x87dc98819fae36ec910852d901f3eb4ebe8b024a"
  },
  {
    "filename": "WhatsApp Video 2025-09-15 at 11.34.59_b16df207.mp4",
    "title": "coffee",
    "category": "new",
    "creator": "ka",
    "description": "kjkj afj kasfjl",
    "published_source": "youtube",
    "date_of_creation": "2025-09-15",
    "wallet_address": "0x87dc98819fae36ec910852d901f3eb4ebe8b024a"
  },
  {
    "filename": "WhatsApp Video 2025-09-15 at 13.51.14_1d7fb3b7.mp4",
    "title": "new video",
    "category": "afdkl",
    "creator": "ljkl",
    "description": "klkljkl",
    "published_source": "youtube",
    "date_of_creation": "2025-09-15",
    "wallet_address": "0x87dc98819fae36ec910852d901f3eb4ebe8b024a"
  }
]